﻿{
  "configurations": [
    {
      "name": "x64-Debug",
      "generator": "Ninja",
      "configurationType": "Debug",
      "inheritEnvironments": [ "msvc_x64_x64" ],
      "buildRoot": "${projectDir}\\out\\build\\${name}",
      "installRoot": "${projectDir}\\out\\install\\${name}",
      "cmakeCommandArgs": "",
      "buildCommandArgs": "",
      "ctestCommandArgs": "",
      "variables": [
        {
          "name": "USE_WIDE_STRING",
          "value": "True",
          "type": "BOOL"
        }
      ]
    },
    {
      "name": "x64-Clang-Debug",
      "generator": "Ninja",
      "configurationType": "Debug",
      "buildRoot": "${projectDir}\\out\\build\\${name}",
      "installRoot": "${projectDir}\\out\\install\\${name}",
      "cmakeCommandArgs": "",
      "buildCommandArgs": "",
      "ctestCommandArgs": "",
      "inheritEnvironments": [ "clang_cl_x64_x64" ],
      "variables": [
        {
          "name": "CMAKE_CXX_COMPILER",
          "value": "C:\\Program Files\\Microsoft Visual Studio\\2022\\Community\\VC\\Tools\\Llvm\\x64\\bin\\clang.exe",
          "type": "FILEPATH"
        },
        {
          "name": "USE_WIDE_STRING",
          "value": "True",
          "type": "BOOL"
        }
      ]
    }
  ]
}